{"train losses": [-0.3961122409691886], "valid losses": [-0.8038384517033895]}